{"ASIA": [{"Month": "January", "Knife": 11, "Fork": 83}, {"Month": "February", "Knife": 89, "Fork": 15}, {"Month": "March ", "Knife": 25, "Fork": 35}], "AFRICA": [{"Month": "January", "Knife": 89, "Fork": 43}, {"Month": "February", "Knife": 66, "Fork": 90}, {"Month": "March ", "Knife": 64, "Fork": 89}], "ANTARCTICA": [{"Month": "January", "Knife": 0, "Fork": 0}, {"Month": "February", "Knife": 0, "Fork": 0}, {"Month": "March ", "Knife": 0, "Fork": 0}], "EUROPE": [{"Month": "January", "Knife": 67, "Fork": 37}, {"Month": "February", "Knife": 87, "Fork": 32}, {"Month": "March ", "Knife": 81, "Fork": 33}], "AUSTRALIA": [{"Month": "January", "Knife": 88, "Fork": 15}, {"Month": "February", "Knife": 67, "Fork": 61}, {"Month": "March ", "Knife": 65, "Fork": 39}], "NORTHAMERICA": [{"Month": "January", "Knife": 73, "Fork": 75}, {"Month": "February", "Knife": 80, "Fork": 57}, {"Month": "March ", "Knife": 46, "Fork": 41}], "SOUTHAMERICA": [{"Month": "January", "Knife": 64, "Fork": 60}, {"Month": "February", "Knife": 11, "Fork": 58}, {"Month": "March ", "Knife": 100, "Fork": 58}]}