[
    {
        "value": 8,
        "code": "nj"
    },
    {
        "value": 27,
        "code": "ri"
    },
    {
        "value": 82,
        "code": "ma"
    },
    {
        "value": 27,
        "code": "ct"
    },
    {
        "value": 21,
        "code": "md"
    },
    {
        "value": 74,
        "code": "ny"
    },
    {
        "value": 2,
        "code": "de"
    },
    {
        "value": 58,
        "code": "fl"
    },
    {
        "value": 49,
        "code": "oh"
    },
    {
        "value": 100,
        "code": "pa"
    },
    {
        "value": 91,
        "code": "il"
    },
    {
        "value": 183,
        "code": "ca"
    },
    {
        "value": 27,
        "code": "hi"
    },
    {
        "value": 40,
        "code": "va"
    },
    {
        "value": 162,
        "code": "mi"
    },
    {
        "value": 139,
        "code": "in"
    },
    {
        "value": 59,
        "code": "nc"
    },
    {
        "value": 16,
        "code": "ga"
    },
    {
        "value": 6,
        "code": "tn"
    },
    {
        "value": 8,
        "code": "nh"
    },
    {
        "value": 14,
        "code": "sc"
    },
    {
        "value": 19,
        "code": "la"
    },
    {
        "value": 21,
        "code": "ky"
    },
    {
        "value": 87,
        "code": "wi"
    },
    {
        "value": 68,
        "code": "wa"
    },
    {
        "value": 10,
        "code": "al"
    },
    {
        "value": 42,
        "code": "mo"
    },
    {
        "value": 130,
        "code": "tx"
    },
    {
        "value": 2,
        "code": "wv"
    },
    {
        "value": 27,
        "code": "vt"
    },
    {
        "value": 55,
        "code": "mn"
    },
    {
        "value": 11,
        "code": "ms"
    },
    {
        "value": 30,
        "code": "ia"
    },
    {
        "value": 5,
        "code": "ar"
    },
    {
        "value": 19,
        "code": "ok"
    },
    {
        "value": 47,
        "code": "az"
    },
    {
        "value": 265,
        "code": "co"
    },
    {
        "value": 27,
        "code": "me"
    },
    {
        "value": 125,
        "code": "or"
    },
    {
        "value": 23,
        "code": "ks"
    },
    {
        "value": 26,
        "code": "ut"
    },
    {
        "value": 25,
        "code": "ne"
    },
    {
        "value": 11,
        "code": "nv"
    },
    {
        "value": 30,
        "code": "id"
    },
    {
        "value": 14,
        "code": "nm"
    },
    {
        "value": 7,
        "code": "sd"
    },
    {
        "value": 3,
        "code": "nd"
    },
    {
        "value": 40,
        "code": "mt"
    },
    {
        "value": 15,
        "code": "wy"
    },
    {
        "value": 25,
        "code": "ak"
    }
]